{
  "project_info": {
    "project_number": "242923374112",
    "firebase_url": "https://travelmantics-71575.firebaseio.com",
    "project_id": "travelmantics-71575",
    "storage_bucket": "travelmantics-71575.appspot.com"
  },
  "client": [
    {
      "client_info": {
        "mobilesdk_app_id": "1:242923374112:android:09b144bf0103df7c",
        "android_client_info": {
          "package_name": "com.calvinantonza.travelmantics"
        }
      },
      "oauth_client": [
        {
          "client_id": "242923374112-cephonh14o3cr3s6k5ldnrlm6oeguc5c.apps.googleusercontent.com",
          "client_type": 1,
          "android_info": {
            "package_name": "com.calvinantonza.travelmantics",
            "certificate_hash": "592295c1855f56d13eebdc24aee4809edcaabcf5"
          }
        },
        {
          "client_id": "242923374112-r2uv2oh4ub54da43uroi3c7b9in6fbgk.apps.googleusercontent.com",
          "client_type": 3
        }
      ],
      "api_key": [
        {
          "current_key": "AIzaSyAWLmXhQDNLC6MKVDXjETd7y-9wC23L1GY"
        }
      ],
      "services": {
        "appinvite_service": {
          "other_platform_oauth_client": [
            {
              "client_id": "242923374112-r2uv2oh4ub54da43uroi3c7b9in6fbgk.apps.googleusercontent.com",
              "client_type": 3
            }
          ]
        }
      }
    }
  ],
  "configuration_version": "1"
}